<?xml version="1.0" encoding="US-ASCII" standalone="no"?>
<!DOCTYPE focus-req [
 ]>

<!--Demonstration application for shopping and shipping requirements added-->
<focus-req>
  <requirement>
    <attribute name="HowManyFilesFound" />
    <attribute name="NumOfDirs"/>
  </requirement>
  <requirement>
    <attribute name="LastModified" />
    <attribute name="SizeOfFiles" />
  </requirement>
  <requirement>
    <attribute name="IncludeHidden" />
    <attribute name="IncludeReadOnly" />
  </requirement>
  <requirement>
    <attribute name="HowManyFilesFound" />
    <attribute name="LastModified" />
  </requirement>
  <requirement>
    <attribute name="SizeOfFiles" />
    <attribute name="IncludeHidden" />
  </requirement>
</focus-req>
